﻿{
  "Disabled": false,
  "Living": false,
  "Mob": true,
  "Animal": false,
  "Tameable": false,
  "Checking_LightLevel": true,
  "Sunny": false,
  "Raining": false,
  "Thundering": false,
  "Day": false,
  "Night": false,
  "InvertedMobFilter": false,
  "InvertedDimensionFilter": false,
  "InvertedLightLevelChecking": false,
  "mobFilter": "(\\bSlime\\b)",
  "dimensionFilter": "(\\bthe_end\\b)|(\\bthe_nether\\b)",
  "LightLevel": 0,
  "MoonPhase": 0,
  "DisabledUnderBloodmoon": false,
  "DisabledWhenSunny": false,
  "DisabledWhenRaining": false,
  "DisabledWhenThundering": false,
  "DisabledWhenDay": false,
  "DisabledWhenNight": false
}
