{
    "images":
    {
		"modpack":
		{
            "image" : "mainmenu:modpack.png",
            "posX" : -525,
            "posY" : -115,
            "width" : 260,
            "height" : 80,
            "alignment" : "right_center"
		}
    },
    
    "buttons":
    {
        "singleplayer":
        {
            "text" : "Singleplayer",
            "posX" : -450,
            "posY" : -30,
			"textOffsetX" : 0,
			"textOffsetY" : 0,
            "width" : 110,
            "height" : 20,
			"imageWidth" : 652,
			"imageHeight" : 113,
            "normalTextColor" : 696969,
			"hoverTextColor" : 3998742,
			"alignment" : "right_center",
			"texture" : "mainmenu:button.png",
            "action" : 
            {
                "type" : "openGui",
                "gui" : "singleplayer"
            }
        },
        "multiplayer":
        {
            "text" : "Multiplayer",
            "posX" : -450,
            "posY" : -10,
			"textOffsetX" : 0,
			"textOffsetY" : 0,
            "width" : 110,
            "height" : 20,
			"imageWidth" : 652,
			"imageHeight" : 113,
            "normalTextColor" : 696969,
			"hoverTextColor" : 3998742,
			"alignment" : "right_center",
			"texture" : "mainmenu:button.png",
            "action" : 
            {
                "type" : "openGui",
                "gui" : "multiplayer"
            }
        },
        "options":
        {
            "text" : "Options",
            "posX" : -450,
            "posY" : 10,
			"textOffsetX" : 0,
			"textOffsetY" : 0,
            "width" : 110,
            "height" : 20,
			"imageWidth" : 652,
			"imageHeight" : 113,
            "normalTextColor" : 696969,
			"hoverTextColor" : 3998742,
			"alignment" : "right_center",
			"texture" : "mainmenu:button.png",
            "action" : 
            {
                "type" : "openGui",
                "gui" : "options"
            }
        },		
        "mods":
        {
            "text" : "Mods",
            "posX" : -450,
            "posY" : 30,
			"textOffsetX" : 0,
			"textOffsetY" : 0,
            "width" : 110,
            "height" : 20,
			"imageWidth" : 652,
			"imageHeight" : 113,
            "normalTextColor" : 696969,
			"hoverTextColor" : 3998742,
			"alignment" : "right_center",
			"texture" : "mainmenu:button.png",
            "action" : 
            {
                "type" : "openGui",
                "gui" : "mods"
            }
        },
         "credits":
        {
            "text" : "Credits",
            "posX" : -450,
            "posY" : 90,
			"textOffsetX" : 0,
			"textOffsetY" : 0,
            "width" : 110,
            "height" : 20,
			"imageWidth" : 652,
			"imageHeight" : 113,
            "normalTextColor" : 696969,
			"hoverTextColor" : 3998742,
			"alignment" : "right_center",
			"texture" : "mainmenu:button.png",
            "wrappedButton" : 564246764
        
        },
        "quit":
        {
            "text" : "Quit",
            "posX" : -450,
            "posY" : 110,
			"textOffsetX" : 0,
			"textOffsetY" : 0,
            "width" : 110,
            "height" : 20,
			"imageWidth" : 652,
			"imageHeight" : 113,
            "normalTextColor" : 696969,
			"hoverTextColor" : 3998742,
			"alignment" : "right_center",
			"texture" : "mainmenu:button.png",
            "action" : 
            {
                "type" : "quit"
            }
        },
        "language":
        {
            "text" : "",
            "posX" : -22,
            "posY" : 1,
            "width" : 20,
            "height" : 20,
			"tooltip": "Language",
			"alignment" : "top_right",
			"imageWidth": "40",
			"imageHeight": "40",
			"texture" : "mainmenu:lang.png",
            "action" : 
            {
                "type" : "openGui",
                "gui" : "languages"
            }
        },
        "refresh":
        {
            "text" : "",
            "posX" : 0,
            "posY" : 0,
            "width" : 20,
            "height" : 20,
			"alignment" : "top_left",
            "texture" : "mainmenu:refresh.png",
            "action" : 
            {
                "type" : "refresh"
            }
        }	
    },
    
    "labels":
    {
		"forge":{
			"text" : "Forge #forgeversion#",
            "posX" : 2,
            "posY" : -13,
			"fontSize" : .6,
            "color" : -1,
			"hoverColor" : -1,
            "alignment" : "bottom_left"
		},
		"modsloaded":{
			"text" : "#modsloaded# Mods Loaded",
            "posX" : 2,
            "posY" : -7,
			"fontSize" : .6,
            "color" : -1,
			"hoverColor" : -1,
            "alignment" : "bottom_left"
		},
		"minecraft":{
			"text" : "Minecraft 1.12.2",
            "posX" : -46,
            "posY" : -13,
			"fontSize" : .6,
            "color" : -1,
			"hoverColor" : -1,
            "alignment" : "bottom_right"
		},
		"mojang":{
            "text" : "Copyright Mojang AB",
            "posX" : -57,
            "posY" : -7,
			"fontSize" : .6,
            "color" : -1,
			"hoverColor" : -1,
            "alignment" : "bottom_right"
        }
    },
    
    "other":
    {
		"background":
		{
			"image" : "mainmenu:background.png",
			"mode" : "fill"
		}
    }
}
